{
  "model/models-dbg.js": 1702277964308,
  "controller/PoMaster.controller.js": 1709706314483,
  "manifest.json": 1709745343542,
  "model/models.js": 1702277964308,
  "controller/formatter.js": 1708494218216,
  "controller/PoSplit.controller.js": 1702277964308,
  "model/TableColumn.json": 1702277964308,
  "controller/PoDetail.controller.js": 1709706314483,
  "controller/PoConfirmation.controller.js": 1702277964308,
  "controller/PoAsnEdit.controller.js": 1702277964308,
  "controller/PoAsnCreate.controller.js": 1709744822673,
  "controller/POItemDetails.controller.js": 1708494218216,
  "controller/App.controller.js": 1709706314483,
  "Component.js": 1709714341025,
  "Component-preload.js": 1709745343882,
  "controller/formatter-dbg.js": 1708494218216,
  "i18n/i18n.properties": 1709745305731,
  "controller/PoSplit-dbg.controller.js": 1702277964308,
  "controller/PoMaster-dbg.controller.js": 1709706314483,
  "controller/PoDetail-dbg.controller.js": 1709706314483,
  "controller/PoConfirmation-dbg.controller.js": 1702277964308,
  "controller/PoAsnEdit-dbg.controller.js": 1702277964308,
  "controller/PoAsnCreate-dbg.controller.js": 1709744822673,
  "controller/POItemDetails-dbg.controller.js": 1708494218216,
  "controller/App-dbg.controller.js": 1709706314483,
  "Component-dbg.js": 1709714341025,
  "view/PoSplit.view.xml": 1702277964308,
  "view/PoMaster.view.xml": 1702290878006,
  "view/PoDetail.view.xml": 1709706641931,
  "view/PoConfirmation.view.xml": 1702277964308,
  "view/PoAsnEdit.view.xml": 1702277964308,
  "view/PoAsnCreate.view.xml": 1709744868556,
  "view/POItemDetails.view.xml": 1708494218216,
  "view/NoData.view.xml": 1702277964308,
  "view/App.view.xml": 1702277964308,
  "fragment/filterFragment.fragment.xml": 1702277964308,
  "fragment/PricePopoverFragment.fragment.xml": 1702277964308,
  "fragment/PoFragRequiredQuan.fragment.xml": 1702277964308,
  "fragment/PoFragConfQuan.fragment.xml": 1702277964308,
  "fragment/PoConfirmResponse.fragment.xml": 1702277964308,
  "fragment/PoAmountFrag.fragment.xml": 1702277964308,
  "fragment/PlantFrag.fragment.xml": 1702277964308,
  "fragment/MaterialFrag.fragment.xml": 1702277964308,
  "fragment/DetailPopoverFragment.fragment.xml": 1702277964308,
  "fragment/DatePopoverFragment.fragment.xml": 1702277964308,
  "css/style.css": 1702277964308,
  "index.html": 1702277964308
}