{
  "Component-dbg.js": 1714132826614,
  "controller/PoConfirmation.controller.js": 1710146770567,
  "manifest.json": 1717070101801,
  "model/models.js": 1710146770567,
  "controller/formatter.js": 1714368821329,
  "controller/PoSplit.controller.js": 1710146770567,
  "controller/PoMaster.controller.js": 1716561060005,
  "controller/PoDetail.controller.js": 1716561006293,
  "model/TableColumn.json": 1710146770567,
  "controller/PoAsnEdit.controller.js": 1710146770567,
  "controller/PoAsnCreate.controller.js": 1716562322934,
  "controller/POItemDetails.controller.js": 1716560945474,
  "controller/App.controller.js": 1716560660104,
  "Component.js": 1714132826614,
  "Component-preload.js": 1717070102396,
  "controller/POItemDetails-dbg.controller.js": 1716560945474,
  "controller/formatter-dbg.js": 1714368821329,
  "controller/PoSplit-dbg.controller.js": 1710146770567,
  "controller/PoMaster-dbg.controller.js": 1716561060005,
  "controller/PoDetail-dbg.controller.js": 1716561006293,
  "controller/PoConfirmation-dbg.controller.js": 1710146770567,
  "controller/PoAsnEdit-dbg.controller.js": 1710146770567,
  "controller/PoAsnCreate-dbg.controller.js": 1716562322934,
  "model/models-dbg.js": 1710146770567,
  "controller/App-dbg.controller.js": 1716560660104,
  "i18n/i18n.properties": 1717069344035,
  "view/PoSplit.view.xml": 1710146770567,
  "view/PoMaster.view.xml": 1714034952955,
  "view/PoDetail.view.xml": 1716562454360,
  "view/PoConfirmation.view.xml": 1710146770567,
  "view/PoAsnEdit.view.xml": 1710146770567,
  "view/PoAsnCreate.view.xml": 1716554398161,
  "view/POItemDetails.view.xml": 1710146770567,
  "view/NoData.view.xml": 1710146770567,
  "view/App.view.xml": 1710146770567,
  "fragment/filterFragment.fragment.xml": 1713886117656,
  "fragment/StatusFrag.fragment.xml": 1713602537986,
  "fragment/PricePopoverFragment.fragment.xml": 1710146770567,
  "fragment/PoFragRequiredQuan.fragment.xml": 1710146770567,
  "fragment/PoFragConfQuan.fragment.xml": 1710146770567,
  "fragment/PoConfirmResponse.fragment.xml": 1710146770567,
  "fragment/PoAmountFrag.fragment.xml": 1710146770567,
  "fragment/PlantFrag.fragment.xml": 1713602313719,
  "fragment/MaterialFrag.fragment.xml": 1710146770567,
  "fragment/DetailPopoverFragment.fragment.xml": 1710146770567,
  "fragment/DatePopoverFragment.fragment.xml": 1710146770567,
  "css/style.css": 1714034952951,
  "index.html": 1710146770567
}