{
  "view/App.view.xml": 1697461677995,
  "controller/PoAsnEdit.controller.js": 1697709350487,
  "manifest.json": 1703673436395,
  "model/models.js": 1697461677991,
  "controller/formatter.js": 1703656846525,
  "controller/PoSplit.controller.js": 1697709350491,
  "controller/PoMaster.controller.js": 1703656846525,
  "controller/PoDetail.controller.js": 1703656846521,
  "controller/PoConfirmation.controller.js": 1697709350487,
  "model/TableColumn.json": 1697709350511,
  "controller/PoAsnCreate.controller.js": 1703673384733,
  "controller/POItemDetails.controller.js": 1703656846521,
  "controller/App.controller.js": 1703659340482,
  "Component.js": 1699609123966,
  "Component-preload.js": 1703673436796,
  "controller/PoAsnCreate-dbg.controller.js": 1703673384733,
  "controller/formatter-dbg.js": 1703656846525,
  "controller/PoSplit-dbg.controller.js": 1697709350491,
  "controller/PoMaster-dbg.controller.js": 1703656846525,
  "controller/PoDetail-dbg.controller.js": 1703656846521,
  "controller/PoConfirmation-dbg.controller.js": 1697709350487,
  "controller/PoAsnEdit-dbg.controller.js": 1697709350487,
  "model/models-dbg.js": 1697461677991,
  "controller/POItemDetails-dbg.controller.js": 1703656846521,
  "controller/App-dbg.controller.js": 1703659340482,
  "Component-dbg.js": 1699609123966,
  "view/PoSplit.view.xml": 1697709350523,
  "view/PoMaster.view.xml": 1702533962214,
  "view/PoDetail.view.xml": 1703668600077,
  "view/PoConfirmation.view.xml": 1697709350523,
  "view/PoAsnEdit.view.xml": 1697709350523,
  "view/PoAsnCreate.view.xml": 1703670429328,
  "view/POItemDetails.view.xml": 1703656846525,
  "view/NoData.view.xml": 1697709350519,
  "i18n/i18n.properties": 1697461915712,
  "fragment/filterFragment.fragment.xml": 1697709350511,
  "fragment/PricePopoverFragment.fragment.xml": 1702013827437,
  "fragment/PoFragRequiredQuan.fragment.xml": 1697709350503,
  "fragment/PoFragConfQuan.fragment.xml": 1697709350503,
  "fragment/PoConfirmResponse.fragment.xml": 1697709350499,
  "fragment/PoAmountFrag.fragment.xml": 1697709350499,
  "fragment/PlantFrag.fragment.xml": 1697709350499,
  "fragment/MaterialFrag.fragment.xml": 1697709350495,
  "fragment/DetailPopoverFragment.fragment.xml": 1699609123970,
  "fragment/DatePopoverFragment.fragment.xml": 1697709350491,
  "css/style.css": 1697461677991,
  "index.html": 1697461677979
}