<core:FragmentDefinition xmlns="sap.m" xmlns:core="sap.ui.core">
	<Popover showHeader="false" id="detailPopover" class="sapUiContentPadding" placement="Top">
		<Table id="dateTableId" growing="false" class="sapUiSizeCompact" items="{DateConfirmationModel>/results}" fixedLayout="false">
			<columns>
				<Column id="_IDGenColumn1" minScreenWidth="Tablet" demandPopin="true">
					<Text id="_IDGenText1" text="Item"/>
				</Column>
				<Column id="_IDGenColumn2" minScreenWidth="Tablet" demandPopin="true">
					<Text id="_IDGenText2" text="Delivery Date"/>
				</Column>
				<Column id="_IDGenColumn3" minScreenWidth="Tablet" demandPopin="true">
					<Text id="_IDGenText3" text="Time"/>
				</Column>
				<Column id="_IDGenColumn4" minScreenWidth="Tablet" demandPopin="true">
					<Text id="_IDGenText4" text="Quantity"/>
				</Column>
			</columns>
			<items>
				<ColumnListItem id="TableTempId">
					<cells>
						<Text id="_IDGenText5" text="{DateConfirmationModel>Ebelp}"/>
						<Text id="_IDGenText6" text="{path:'DateConfirmationModel>Eindt', formatter:'sp.fiori.purchaseorder.controller.formatter.formatDate'}"/>
						<Text id="_IDGenText7" text="{path:'DateConfirmationModel>Uzeit', formatter:'sp.fiori.purchaseorder.controller.formatter.timeFormat'}"/>
						<Text id="_IDGenText8" text="{DateConfirmationModel>Menge}"/>
					</cells>
				</ColumnListItem>
			</items>
		</Table>
	</Popover>
</core:FragmentDefinition>