<core:FragmentDefinition xmlns="sap.m" xmlns:core="sap.ui.core">
	<Table id="tblRequiredQuan" inset="true" fixedLayout="false" items="{fragModel>/results}">
			<columns>
				<Column id="_IDGenColumn1">
					<Text id="_IDGenText1" text="Day/Week"/>
				</Column>
				<Column id="_IDGenColumn2">
					<Text id="_IDGenText2" text="Quantity"/>
				</Column>
			</columns>
			<items>
				<ColumnListItem id="_IDGenColumnListItem1">
					<cells>
						<!--<Text text="{fragModel>Schedule}"/>-->
						<Text id="_IDGenText3" text=" {path:'fragModel>Schedule' , formatter:'sp.fiori.purchaseorder.controller.formatter.formatDate1' } "/>
						<Text id="_IDGenText4" text="{fragModel>Menge}"/>
					</cells>
				</ColumnListItem>
			</items>
		</Table>
</core:FragmentDefinition>